<?xml version="1.0" encoding="UTF-8"?>
<!DOCTYPE hibernate-mapping PUBLIC
        "-//Hibernate/Hibernate Mapping DTD 3.0//EN"
        "http://www.hibernate.org/dtd/hibernate-mapping-3.0.dtd">
<hibernate-mapping>
	<class name="com.Lbs.model.Driver" table="lbs_driver" lazy="false">
		<id name="driverId" column="driver_id" type="int">
			<generator class="native"></generator>	
		</id>
		<property name="driverName" column="driver_name" type="string" ></property>
		<property name="driverPassword" column="driver_password" type="string" ></property>
		<property name="driverPhone" column="driver_phone" type="string" ></property>
	</class>
</hibernate-mapping>