<?xml version="1.0" encoding="UTF-8"?>
<!DOCTYPE hibernate-mapping PUBLIC
        "-//Hibernate/Hibernate Mapping DTD 3.0//EN"
        "http://www.hibernate.org/dtd/hibernate-mapping-3.0.dtd">
<hibernate-mapping>
	<class name="com.Lbs.model.Order" table="lbs_order" lazy="false">
		<id name="orderId" column="order_id" type="int">
			<generator class="native"></generator>
		</id>
		<property name="uuid" column="order_uuid" type="string" ></property>
		<property name="parkName" column="park_name" type="string" ></property>
		<property name="parkAddress" column="park_address" type="string" ></property>
		<property name="driverNum" column="driver_number" type="int" ></property>
		<property name="orderDate" column="order_date" type="string" ></property>
		<property name="orderInfo" column="order_info" type="string" ></property>
		<property name="orderPrice" column="order_price" type="string" ></property>
		<property name="orderStatus" column="order_status" type="int" ></property>
		
		<many-to-one name="admin" class="com.Lbs.model.Admin" column="admin_id"  fetch="select"/>
		<many-to-one name="driver" class="com.Lbs.model.Driver" column="driver_id" fetch="select"/>
	</class>
</hibernate-mapping>