<?xml version="1.0" encoding="UTF-8"?>
<!DOCTYPE hibernate-configuration PUBLIC
	"-//Hibernate/Hibernate Configuration DTD 3.0//EN"
	"http://www.hibernate.org/dtd/hibernate-configuration-3.0.dtd">
<hibernate-configuration>
	<session-factory>
		<!-- Database connection settings -->
        <property name="connection.driver_class">com.mysql.jdbc.Driver</property>
        <property name="connection.url">jdbc:mysql://localhost:3306/lbs_server</property>
        <property name="connection.username">zjx</property>
        <property name="connection.password">130013</property>
        <!-- JDBC connection pool (use the built-in) -->
        <property name="connection.pool_size">3</property>
        <!-- SQL dialect -->
        <property name="dialect">org.hibernate.dialect.MySQL5InnoDBDialect</property>
        <!-- Enable Hibernate's automatic session context management -->
        <property name="current_session_context_class">thread</property>
        <!-- Disable the second-level cache  -->
        <property name="cache.provider_class">org.hibernate.cache.internal.NoCacheProvider</property>
        <!-- Echo all executed SQL to stdout -->
        <property name="show_sql">true</property>
        <!-- Drop and re-create the database schema on startup -->
        <property name="hbm2ddl.auto">update</property>
        <!-- 资源映射 -->
       	<mapping resource="com/Lbs/model/Admin.hbm.xml"/>
       	<mapping resource="com/Lbs/model/Driver.hbm.xml"/>
       	<mapping resource="com/Lbs/model/Order.hbm.xml"/>
       	<mapping resource="com/Lbs/model/Park.hbm.xml"/>
	</session-factory>	
</hibernate-configuration>